{
  "name": "fluxBrush",
  "conditions":["CANCEL_DRAFTING"],
  "toolColor": "MAGENTA",
  "actions":3,
  "action1": {
    "type": "draft",
    "marker": "d1"
  },
  "action2": {
    "type": "random",
    "marker": "d1",
    "set1": [1,2,3,4,5,6],
    "set2": [1,2,3,4,5,6],
    "set3": [1,2,3,4,5,6],
    "set4": [1,2,3,4,5,6],
    "set5": [1,2,3,4,5,6],
    "set6": [1,2,3,4,5,6]
  },
  "action3": {
    "type": "place",
    "marker": "d1",
    "restriction":["CLOSE", "COLOR", "NUMBER"]
  }
}