{
  "type":"area",
  "name":"rowColorVariety",
  "points": 6,
  "obj":[
    {


      "area":[
        [0,0],
        [0,1],
        [0,2],
        [0,3],
        [0,4]
      ],
      "multiplicity":
        {"1":[0,1,2,3,4,5],
        "2":[0,1,2,3,4,5],
        "3":[0,1,2,3,4,5],
        "4":[0,1,2,3,4,5],
        "5":[0,1,2,3,4,5],
        "6":[0,1,2,3,4,5],
        "CYAN":[1],
        "GREEN":[1],
        "MAGENTA":[1],
        "RED":[1],
        "YELLOW":[1]}


  }

      ]
}