{
  "type":"area",
  "name":"rowShadeVariety",
  "points": 5,
  "obj":[
    {

        "area":[
          [0,0],
          [0,1],
          [0,2],
          [0,3],
          [0,4]
        ],
        "multiplicity":
        {"1":[0,1],
          "2":[0,1],
          "3":[0,1],
          "4":[0,1],
          "5":[0,1],
          "6":[0,1],
          "CYAN":[0,1,2,3,4,5],
          "GREEN":[0,1,2,3,4,5],
          "MAGENTA":[0,1,2,3,4,5],
          "RED":[0,1,2,3,4,5],
          "YELLOW":[0,1,2,3,4,5]}
     }
    ]
}